{
  "value": 11460.84,
  "cost": 8385.37,
  "return_pct": 36.68,
  "cash": 1277.7,
  "buying_power": 1277.7,
  "pending_deposits": 2000.0,
  "total_account_value": 12738.54242749,
  "equity_value": 11460.84242749
}